feature,importance
target_lag_1,0.6218418370661222
temp_mean,0.1331007878209185
Value_lag_1,0.05233367038502944
Value,0.048867741310071044
Value_lag_2,0.03311573557466342
temp_mean_lag_2,0.03232583909860256
temp_mean_lag_1,0.029942644809382246
target_lag_2,0.026700073421378322
target_lag_4,0.019840224986888626
holiday_count,0.0019314455269436594
