feature,importance
target_lag_1,0.7617601892076782
target_lag_4,0.11231921942382062
target_lag_2,0.09411498435247577
holiday_count,0.031805607016025514
